Type,Name,Request Count,Failure Count,Median Response Time,Average Response Time,Min Response Time,Max Response Time,Average Content Size,Requests/s,Failures/s,50%,66%,75%,80%,90%,95%,98%,99%,99.9%,99.99%,100%
GET,[V1] REST + Python Haversine,469,0,1500.0,1646.449732621372,271.4088000357151,4702.450000040699,20382.535181236675,2.6247972324890148,0.0,1500,1900,2200,2400,2900,3300,4000,4300,4700,4700,4700
GET,[V3] Fast RPC (Index Scan),540,0,1100.0,1372.8131287041363,388.57549999374896,4226.432299998123,29817.455555555556,3.022154596042789,0.0,1100,1700,2000,2200,2800,3200,3600,3900,4200,4200,4200
,Aggregated,1009,0,1300.0,1500.003978295002,271.4088000357151,4702.450000040699,25431.94747274529,5.646951828531804,0.0,1300,1900,2100,2300,2800,3300,3700,4100,4600,4700,4700
