Type,Name,Request Count,Failure Count,Median Response Time,Average Response Time,Min Response Time,Max Response Time,Average Content Size,Requests/s,Failures/s,50%,66%,75%,80%,90%,95%,98%,99%,99.9%,99.99%,100%
GET,[V1] REST + Python Haversine,168,0,25000.0,24230.827952973155,6956.518599996343,30775.251400016714,20597.345238095237,0.9692664732555829,0.0,25000,26000,26000,27000,29000,30000,31000,31000,31000,31000,31000
GET,[V3] Fast RPC (Index Scan),152,0,25000.0,24393.86978947196,6952.312399982475,30774.013499962166,28737.855263157893,0.876955380564575,0.0,25000,25000,26000,27000,28000,29000,30000,31000,31000,31000,31000
,Aggregated,320,0,25000.0,24308.272825310076,6952.312399982475,30775.251400016714,24464.0875,1.8462218538201578,0.0,25000,25000,26000,27000,29000,30000,31000,31000,31000,31000,31000
