Type,Name,Request Count,Failure Count,Median Response Time,Average Response Time,Min Response Time,Max Response Time,Average Content Size,Requests/s,Failures/s,50%,66%,75%,80%,90%,95%,98%,99%,99.9%,99.99%,100%
GET,[V1] REST + Python Haversine,576,0,13000.0,12436.590237501057,2003.3767000422813,19925.743700005114,19273.96875,3.2535042555462788,0.0,13000,15000,16000,16000,17000,18000,19000,19000,20000,20000,20000
GET,[V3] Fast RPC (Index Scan),613,0,13000.0,11865.37198597078,1172.4561000009999,19785.506000043824,29246.168026101142,3.4624967164060227,0.0,13000,14000,15000,16000,17000,18000,19000,19000,20000,20000,20000
,Aggregated,1189,0,13000.0,12142.093359294138,1172.4561000009999,19925.743700005114,24415.228763666946,6.716000971952301,0.0,13000,15000,16000,16000,17000,18000,19000,19000,20000,20000,20000
